{
    "AAPL": [
        {
            "Date": "2026-06-12 00:00:00-04:00",
            "Open": 296.0299987792969,
            "High": 297.1400146484375,
            "Low": 289.6199951171875,
            "Close": 291.1300048828125,
            "Volume": 38742100,
            "Dividends": 0.0,
            "Stock Splits": 0.0
        }
    ]
}